{"right_elbow_angle": 156.4557935375512, "right_wrist_angle": 177.14344908617036, "right_shoulder_angle": 134.33727704624965, "right_hip_angle": 159.31854545425716, "right_knee_angle": 164.85637939322876, "left_elbow_angle": 179.83083963889376, "left_wrist_angle": 175.45698389524816, "left_hip_angle": 161.72695310890717, "left_knee_angle": 155.9463961352889, "right_top_difference": 0, "left_top_difference": 0}