{"right_elbow_angle": 51.62007883244548, "right_wrist_angle": 179.01423211749082, "right_shoulder_angle": 102.64223811002546, "right_hip_angle": 152.69552314119355, "right_knee_angle": 174.82163055107188, "left_elbow_angle": 153.34539534462078, "left_wrist_angle": 174.1314611391575, "left_hip_angle": 149.71411913901386, "left_knee_angle": 175.13841298151797, "right_top_difference": 0, "left_top_difference": 0}