{"right_elbow_angle": 144.25966946408641, "right_wrist_angle": 21.31787122504667, "right_shoulder_angle": 42.59015473239323, "right_hip_angle": 110.43796911331759, "right_knee_angle": 124.77414905025817, "left_elbow_angle": 88.312403729916, "left_wrist_angle": 159.44359451491496, "left_hip_angle": 174.25304859488375, "left_knee_angle": 140.90083169911952}