{"right_elbow_angle": 157.19271876615772, "right_wrist_angle": 169.3345695990119, "right_shoulder_angle": 134.15625456772608, "right_hip_angle": 163.78480431317155, "right_knee_angle": 172.269817656036, "left_elbow_angle": 177.69551459987795, "left_wrist_angle": 158.66639656340413, "left_hip_angle": 150.60149294553491, "left_knee_angle": 171.17973249320056, "right_top_diffrence": 0, "left_top_diffrence": 0}